Workbook

Sheet Tableau de bord
A1: Moteur de tarification IARD - Tableau de bord
A3: Date de debut du projet | B3: 46209 | C3: (modifiable : recalcule les echeances)
A5: Avancement global | B5: ='Suivi des phases'!E11 -> 0.12727273
A6: Heures estimees (total) | B6: ='Suivi des phases'!C11 -> 275
A7: Heures realisees (total) | B7: ='Suivi des phases'!F11 -> 5.2
A8: Heures restantes | B8: =B6-B7 -> 269.8
A9: Phases terminees (/ 7) | B9: =COUNTIF('Suivi des phases'!D4:D10,"Termine") -> 1

Sheet Suivi des phases
A1: Suivi des phases
A3: Phase | B3: Objectif / Livrable | C3: Heures estimees | D3: Statut | E3: % avancement | F3: Heures realisees | G3: Echeance prevue | H3: Semaines (cumul)
A4: Phase 0 | B4: Cadrage & socle technique : repo, brief, chargement des donnees | C4: 15 | D4: Termine | E4: =IF(D4="Termine",1,IF(D4="En cours",0.5,0)) -> 1 | F4: =SUMIF(Journal!$B$4:$B$203,A4,Journal!$D$4:$D$203) -> 2 | G4: ='Tableau de bord'!$B$3+H4*7 -> 46223 | H4: 2
A5: Phase 1 | B5: EDA & comprehension metier | C5: 40 | D5: En cours | E5: =IF(D5="Termine",1,IF(D5="En cours",0.5,0)) -> 0.5 | F5: =SUMIF(Journal!$B$4:$B$203,A5,Journal!$D$4:$D$203) -> 3.2 | G5: ='Tableau de bord'!$B$3+H5*7 -> 46251 | H5: 6
A6: Phase 2 | B6: GLM, le socle actuariel | C6: 45 | D6: A faire | E6: =IF(D6="Termine",1,IF(D6="En cours",0.5,0)) -> 0 | F6: =SUMIF(Journal!$B$4:$B$203,A6,Journal!$D$4:$D$203) -> 0 | G6: ='Tableau de bord'!$B$3+H6*7 -> 46279 | H6: 10
A7: Phase 3 | B7: Machine learning & benchmark | C7: 45 | D7: A faire | E7: =IF(D7="Termine",1,IF(D7="En cours",0.5,0)) -> 0 | F7: =SUMIF(Journal!$B$4:$B$203,A7,Journal!$D$4:$D$203) -> 0 | G7: ='Tableau de bord'!$B$3+H7*7 -> 46307 | H7: 14
A8: Phase 4 | B8: Explicabilite & equite | C8: 45 | D8: A faire | E8: =IF(D8="Termine",1,IF(D8="En cours",0.5,0)) -> 0 | F8: =SUMIF(Journal!$B$4:$B$203,A8,Journal!$D$4:$D$203) -> 0 | G8: ='Tableau de bord'!$B$3+H8*7 -> 46335 | H8: 18
A9: Phase 5 | B9: Appli & mise en production | C9: 45 | D9: A faire | E9: =IF(D9="Termine",1,IF(D9="En cours",0.5,0)) -> 0 | F9: =SUMIF(Journal!$B$4:$B$203,A9,Journal!$D$4:$D$203) -> 0 | G9: ='Tableau de bord'!$B$3+H9*7 -> 46363 | H9: 22
A10: Phase 6 | B10: Packaging & valorisation | C10: 40 | D10: A faire | E10: =IF(D10="Termine",1,IF(D10="En cours",0.5,0)) -> 0 | F10: =SUMIF(Journal!$B$4:$B$203,A10,Journal!$D$4:$D$203) -> 0 | G10: ='Tableau de bord'!$B$3+H10*7 -> 46391 | H10: 26
B11: TOTAL | C11: =SUM(C4:C10) -> 275 | E11: =SUMPRODUCT(C4:C10,E4:E10)/SUM(C4:C10) -> 0.12727273 | F11: =SUM(F4:F10) -> 5.2

Sheet Journal
A1: Journal des sessions
A2: Note chaque session ici. Les heures se cumulent automatiquement dans le suivi et le tableau de bord.
A3: Date | B3: Phase | C3: Tache | D3: Heures | E3: Notes
A4: 46209 | B4: Phase 0 | C4: Socle technique : repo, structure, venv, chargement donnees freMTPL2 | D4: 2 | E4: Repo public en ligne (moteur-tarification-iard), structure projet, venv + requirements, script load_data reproductible, portefeuille 678013 polices charge en Parquet
A5: 46211 | B5: Phase 1 | C5: EDA : integrite donnees, exposition, frequence, severite (queue epaisse) | D5: 2.2 | E5: Notebook EDA documente. Frequence 0.1007, offset justifie. Pas d'exces de zeros : ZIP ecarte. Severite : skewness 116.6, top 1% = 37.1% de la charge. BUG denominateur cout moyen : corriger via ClaimNbSev.
A6: 46220 | B6: Phase 1 | C6: Correction denominateur (ClaimNbSev), notebook au propre, decomposition prime pure | D6: 1 | E6: Prime pure ref 167.11 EUR/annee-police. Frequence sur ClaimNb, severite sur ClaimNbSev, facteur correctif 0.732 a la recombinaison.
